cHS	Family	LSW 2002 Isosteric Groups	Updated Isosteric Groups	Count	AG	CC	GA	GG	CU	UU	UG	UC	AC	CA	AA	AU	CG	UA
AG	cHS	I9.1	I9.1	2(C)	0.00	1.93	2.54	2.61	2.96	2.67	3.18	3.27	3.67	3.58	4.13	4.73	5.80	5.30
CC	cHS	I9.1/9.2	I9.1	0(C)	1.93	0.00	1.01	1.85	1.92	1.99	2.78	2.72	2.53	2.54	3.08	3.46	4.68	4.15
GA	cHS	(I9.1)	I9.1	3(C)	2.54	1.01	0.00	1.14	1.10	1.44	2.32	2.28	1.91	1.81	2.36	2.51	3.75	3.70
GG	cHS	I9.1	I9.1	10(C)	2.61	1.85	1.14	0.00	0.63	0.81	1.64	1.76	1.80	1.48	2.06	2.43	3.55	4.23
CU	cHS	I9.1/9.2	I9.1	10	2.96	1.92	1.10	0.63	0.00	0.65	1.43	1.43	1.21	0.93	1.49	2.08	3.50	4.29
UU	cHS	I9.1	I9.1	2	2.67	1.99	1.44	0.81	0.65	0.00	0.92	0.98	1.28	1.05	1.57	2.61	4.07	4.84
UG	cHS	I9.1/9.2	I9.1	81	3.18	2.78	2.32	1.64	1.43	0.92	0.00	0.39	1.37	1.21	1.44	3.02	4.56	5.65
UC	cHS	(I9.1)	I9.1	1(CM)	3.27	2.72	2.28	1.76	1.43	0.98	0.39	0.00	1.11	1.06	1.22	2.93	4.61	5.63
AC	cHS	I9.1	I9.1	4	3.67	2.53	1.91	1.80	1.21	1.28	1.37	1.11	0.00	0.51	0.67	2.23	4.02	4.99
CA	cHS	I9.1	I9.1	12	3.58	2.54	1.81	1.48	0.93	1.05	1.21	1.06	0.51	0.00	0.66	2.01	3.72	4.80
AA	cHS	I9.1/9.2	I9.1	33	4.13	3.08	2.36	2.06	1.49	1.57	1.44	1.22	0.67	0.66	0.00	2.04	3.87	5.17
AU	cHS	I9.1	I9.1	3	4.73	3.46	2.51	2.43	2.08	2.61	3.02	2.93	2.23	2.01	2.04	0.00	2.08	3.56
CG	cHS	I9.1	I9.2	1	5.80	4.68	3.75	3.55	3.50	4.07	4.56	4.61	4.02	3.72	3.87	2.08	0.00	3.10
UA	cHS	I9.2	I9.3	1	5.30	4.15	3.70	4.23	4.29	4.84	5.65	5.63	4.99	4.80	5.17	3.56	3.10	0.00
