Family,Base combination,PDBID,NT1ID,NT2ID,Count,LW 2002 subgroup,Resolution,C1*-C1* distance,GC,CU,GG,CC,GU,CG,AC,UG,AG,AU,UU,UA,AA,CA,GA,UC
cSs,GC,488D,488D_AU_1_A_50_G_,488D_AU_1_B_152_C_,7,[11.1],3.1,7.102234,0.000000,2.217200,3.383645,2.085627,2.595940,2.245116,2.394323,2.893874,2.400162,2.791356,3.020237,2.990801,2.979891,2.756217,2.652071,3.580106
cSs,CU,1S72,1S72_AU_1_0_879_C_,1S72_AU_1_0_779_U_,4,11.1,2.4,5.940180,2.217200,0.000000,1.945259,1.612745,2.061886,1.337417,1.101495,1.605834,1.241972,1.690998,2.109003,2.189123,2.247371,2.131432,2.297833,2.725292
cSs,GG,3U5H,3U5H_AU_1_5_2414_G_,3U5H_AU_1_5_924_G_,6,11.1,3,4.763044,3.383645,1.945259,0.000000,1.454871,1.498514,1.352850,1.424310,1.185166,1.948471,1.857092,1.969989,1.768825,1.792066,1.761744,2.001420,2.008070
cSs,CC,CURATED_1Q86_CSS_CC_EXEMPLAR,1Q86_AU_1_A_2542_C_,1Q86_AU_1_5_75_C_,0,[11.1],3,5.766820,2.085627,1.612745,1.454871,0.000000,0.754118,0.598272,0.989283,1.169081,1.448137,1.515457,1.660740,1.442337,1.425508,1.214920,1.230631,1.902618
cSs,GU,1S72,1S72_AU_1_0_871_G_,1S72_AU_1_0_866_U_,17,[11.1],2.4,5.900062,2.595940,2.061886,1.498514,0.754118,0.000000,1.103955,1.431992,1.363361,1.898903,1.823369,1.904393,1.631430,1.613682,1.456577,1.422068,1.828115
cSs,CG,1S72,1S72_AU_1_0_774_C_,1S72_AU_1_0_471_G_,23,11.1,2.4,5.830079,2.245116,1.337417,1.352850,0.598272,1.103955,0.000000,0.498916,0.696975,0.946906,1.020012,1.241120,1.080260,1.119124,0.937302,1.096012,1.687949
cSs,AC,3NKB,3NKB_AU_1_B_65_A_,3NKB_AU_1_B_19_C_,276,11.1,1.92,5.582773,2.394323,1.101495,1.424310,0.989283,1.431992,0.498916,0.000000,0.640904,0.581305,0.763222,1.087555,1.111105,1.156122,1.053225,1.259991,1.667023
cSs,UG,2NZ4,2NZ4_AU_1_H_11_U_,2NZ4_AU_1_S_111_G_,37,11.1,2.5,5.437802,2.893874,1.605834,1.185166,1.169081,1.363361,0.696975,0.640904,0.000000,0.978022,0.731119,0.918890,0.788965,0.893240,0.851163,1.142313,1.264507
cSs,AG,3D2V,3D2V_AU_1_A_72_A_,3D2V_AU_1_A_8_G_,113,11.1,2,5.882942,2.400162,1.241972,1.948471,1.448137,1.898903,0.946906,0.581305,0.978022,0.000000,0.585010,0.955031,1.163759,1.222638,1.162617,1.348114,1.759182
cSs,AU,1S72,1S72_AU_1_0_1007_A_,1S72_AU_1_0_2297_U_,3,11.1,2.4,5.570840,2.791356,1.690998,1.857092,1.515457,1.823369,1.020012,0.763222,0.731119,0.585010,0.000000,0.491172,0.725982,0.833517,0.826528,1.061778,1.240950
cSs,UU,3U5H,3U5H_AU_1_5_188_U_,3U5H_AU_1_5_207_U_,2,[11.1],3,5.426338,3.020237,2.109003,1.969989,1.660740,1.904393,1.241120,1.087555,0.918890,0.955031,0.491172,0.000000,0.456706,0.500752,0.630623,0.854042,0.923727
cSs,UA,1GID,1GID_AU_1_B_224_U_,1GID_AU_1_B_152_A_,115,11.1,2.5,5.377316,2.990801,2.189123,1.768825,1.442337,1.631430,1.080260,1.111105,0.788965,1.163759,0.725982,0.456706,0.000000,0.209159,0.305934,0.606976,0.824815
cSs,AA,1ET4,1ET4_AU_1_A_235_A_,1ET4_AU_1_B_334_A_,73,11.1,2.3,5.480988,2.979891,2.247371,1.792066,1.425508,1.613682,1.119124,1.156122,0.893240,1.222638,0.833517,0.500752,0.209159,0.000000,0.274947,0.524237,0.802892
cSs,CA,1S72,1S72_AU_1_0_153_C_,1S72_AU_1_0_439_A_,168,11.1,2.4,5.445548,2.756217,2.131432,1.761744,1.214920,1.456577,0.937302,1.053225,0.851163,1.162617,0.826528,0.630623,0.305934,0.274947,0.000000,0.358761,0.955523
cSs,GA,1Q96,1Q96_AU_1_A_16_G_,1Q96_AU_1_C_15_A_,93,11.1,1.75,5.755391,2.652071,2.297833,2.001420,1.230631,1.422068,1.096012,1.259991,1.142313,1.348114,1.061778,0.854042,0.606976,0.524237,0.358761,0.000000,1.027772
cSs,UC,1S72,1S72_AU_1_0_2595_U_,1S72_AU_1_0_1993_C_,4,11.1,2.4,5.377070,3.580106,2.725292,2.008070,1.902618,1.828115,1.687949,1.667023,1.264507,1.759182,1.240950,0.923727,0.824815,0.802892,0.955523,1.027772,0.000000
