cSS	Family	LSW 2002 Isosteric Groups	Updated Isosteric Groups	Count	UC	UU	GA	AA	CA	UA	AC	UG	AG	CG	AU	CC	GU	CU	GG	GC
UC	cSs	I11.1	I11.1	2	0.00	2.12	1.66	1.90	1.95	1.95	1.68	1.67	1.84	1.59	1.19	2.56	2.91	1.94	2.40	2.70
UU	cSs	(I11.1) 	(I11.1)	0(M)	2.12	0.00	0.89	0.84	0.90	0.97	1.48	1.43	1.51	1.48	1.63	1.81	1.84	2.41	2.18	3.12
GA	cSs	I11.1	I11.1	65	1.66	0.89	0.00	0.33	0.36	0.38	0.77	0.82	0.89	0.98	0.95	1.45	1.76	1.97	1.77	2.57
AA	cSs	I11.1	I11.1	32	1.90	0.84	0.33	0.00	0.21	0.23	0.80	0.88	0.86	0.99	1.08	1.31	1.57	2.01	1.68	2.58
CA	cSs	I11.1	I11.1	133	1.95	0.90	0.36	0.21	0.00	0.09	0.72	0.76	0.77	0.95	1.06	1.16	1.46	1.96	1.60	2.46
UA	cSs	I11.1	I11.1	78	1.95	0.97	0.38	0.23	0.09	0.00	0.67	0.74	0.74	0.96	1.04	1.14	1.44	1.94	1.57	2.42
AC	cSs	I11.1	I11.1	201	1.68	1.48	0.77	0.80	0.72	0.67	0.00	0.32	0.41	0.70	0.59	1.01	1.42	1.47	1.22	1.85
UG	cSs	I11.1	I11.1	23	1.67	1.43	0.82	0.88	0.76	0.74	0.32	0.00	0.40	0.61	0.60	0.96	1.38	1.34	1.14	1.77
AG	cSs	I11.1	I11.1	35	1.84	1.51	0.89	0.86	0.77	0.74	0.41	0.40	0.00	0.49	0.71	0.93	1.40	1.30	0.92	1.80
CG	cSs	I11.1	I11.1	13	1.59	1.48	0.98	0.99	0.95	0.96	0.70	0.61	0.49	0.00	0.58	1.19	1.64	1.23	1.03	1.89
AU	cSs	I11.1	I11.1	3	1.19	1.63	0.95	1.08	1.06	1.04	0.59	0.60	0.71	0.58	0.00	1.42	1.88	1.36	1.39	1.89
CC	cSs	(I11.1) 	I11.1	0(C)	2.56	1.81	1.45	1.31	1.16	1.14	1.01	0.96	0.93	1.19	1.42	0.00	0.76	1.84	1.13	1.71
GU	cSs	(I11.1) 	I11.1	9	2.91	1.84	1.76	1.57	1.46	1.44	1.42	1.38	1.40	1.64	1.88	0.76	0.00	2.11	1.45	2.06
CU	cSs	I11.1	I11.1	4	1.94	2.41	1.97	2.01	1.96	1.94	1.47	1.34	1.30	1.23	1.36	1.84	2.11	0.00	0.96	1.47
GG	cSs	I11.1	I11.1	4(C)	2.40	2.18	1.77	1.68	1.60	1.57	1.22	1.14	0.92	1.03	1.39	1.13	1.45	0.96	0.00	1.39
GC	cSs	(I11.1) 	I11.1	8(C)	2.70	3.12	2.57	2.58	2.46	2.42	1.85	1.77	1.80	1.89	1.89	1.71	2.06	1.47	1.39	0.00
