Family,Base combination,PDBID,NT1ID,NT2ID,Count,LW 2002 subgroup,Resolution,C1*-C1* distance,AG,AC,AU,AA,GG,CA,CU,CC,CG,GA,GC,GU,UC,UA,UU,UG
cWS,AG,CURATED_1J5E_CWS_AG_EXEMPLAR,1J5E_AU_1_A_607_A_,1J5E_AU_1_A_309_G_,1,5.1,3.05,9.806112,0.000000,0.883125,1.649338,1.721683,2.694089,3.264617,3.360932,3.440263,3.389772,4.770966,4.644388,5.096714,5.937687,6.368504,7.121947,7.216950
cWS,AC,1L2X,1L2X_AU_1_A_23_A_,1L2X_AU_1_A_15_C_,86,5.1,1.25,9.471441,0.883125,0.000000,0.785869,1.067295,2.162883,2.808189,2.975374,3.132393,3.072244,4.027811,3.803030,4.247901,5.272153,5.855180,6.643412,6.801812
cWS,AU,3NPN,3NPN_AU_1_A_44_A_,3NPN_AU_1_A_33_U_,42,5.1,2.79,9.460279,1.649338,0.785869,0.000000,1.001984,1.734349,2.614008,2.835776,3.050334,3.021767,3.338782,3.028633,3.472415,4.756730,5.478397,6.293418,6.511852
cWS,AA,1J1U,1J1U_AU_1_B_514_A_,1J1U_AU_1_B_522_A_,82,5.1,1.95,9.585589,1.721683,1.067295,1.001984,0.000000,2.683980,3.434481,3.658690,3.889952,3.778469,4.084109,3.508123,3.823048,5.483645,6.299780,7.095594,7.329265
cWS,GG,4AQ7,4AQ7_AU_1_B_13_G_,4AQ7_AU_1_B_21_G_,7,5.5,2.5,9.276127,2.694089,2.162883,1.734349,2.683980,0.000000,2.400916,2.561731,2.654514,2.900072,2.487477,2.823597,3.384033,4.229634,4.742554,5.575219,5.779715
cWS,CA,2OE5,2OE5_AU_1_A_1409_C_,2OE5_AU_1_B_1492_A_,20,5.2,1.51,7.683506,3.264617,2.808189,2.614008,3.434481,2.400916,0.000000,0.390542,0.681638,0.656148,3.052275,3.561449,4.160985,2.949939,3.157256,3.943432,4.057283
cWS,CU,3LA5,3LA5_AU_1_A_50_C_,3LA5_AU_1_A_75_U_,23,5.2,1.7,7.710088,3.360932,2.975374,2.835776,3.658690,2.561731,0.390542,0.000000,0.409643,0.496619,3.281576,3.830811,4.436648,3.073206,3.126794,3.857428,3.917545
cWS,CC,1S72,1S72_AU_1_0_1428_C_,1S72_AU_1_0_1439_C_,9,5.2,2.4,7.651536,3.440263,3.132393,3.050334,3.889952,2.654514,0.681638,0.409643,0.000000,0.501090,3.477029,4.124916,4.738027,3.246108,3.137663,3.841449,3.854063
cWS,CG,1KOG,1KOG_AU_1_P_99_C_,1KOG_AU_1_P_76_G_,11,5.2,3.5,7.566547,3.389772,3.072244,3.021767,3.778469,2.900072,0.656148,0.496619,0.501090,0.000000,3.650637,4.184493,4.777106,3.269172,3.242089,3.926753,3.950754
cWS,GA,2AW7,2AW7_AU_1_A_394_G_,2AW7_AU_1_A_366_A_,3,[5.3],3.46,8.619675,4.770966,4.027811,3.338782,4.084109,2.487477,3.052275,3.281576,3.477029,3.650637,0.000000,1.443635,1.922520,2.659331,3.668241,4.455645,4.900762
cWS,GC,1S72,1S72_AU_1_0_1302_G_,1S72_AU_1_0_1353_C_,7,5.3,2.4,9.065878,4.644388,3.803030,3.028633,3.508123,2.823597,3.561449,3.830811,4.124916,4.184493,1.443635,0.000000,0.635242,3.409333,4.670231,5.460582,5.917958
cWS,GU,3U5H,3U5H_AU_1_5_661_G_,3U5H_AU_1_5_942_U_,11,5.3,3,9.511744,5.096714,4.247901,3.472415,3.823048,3.384033,4.160985,4.436648,4.738027,4.777106,1.922520,0.635242,0.000000,3.799859,5.135428,5.891865,6.381438
cWS,UC,CURATED_MODEL_CWS_UC_EXEMPLAR,,,1,[5.4],NaN,6.681298,5.937687,5.272153,4.756730,5.483645,4.229634,2.949939,3.073206,3.246108,3.269172,2.659331,3.409333,3.799859,0.000000,1.522384,2.316090,2.837461
cWS,UA,3LA5,3LA5_AU_1_A_49_U_,3LA5_AU_1_A_76_A_,27,5.4,1.7,6.077998,6.368504,5.855180,5.478397,6.299780,4.742554,3.157256,3.126794,3.137663,3.242089,3.668241,4.670231,5.135428,1.522384,0.000000,1.104465,1.465669
cWS,UU,3U5H,3U5H_AU_1_5_343_U_,3U5H_AU_1_5_1439_U_,5,[5.4],3,5.846174,7.121947,6.643412,6.293418,7.095594,5.575219,3.943432,3.857428,3.841449,3.926753,4.455645,5.460582,5.891865,2.316090,1.104465,0.000000,0.656597
cWS,UG,1S72,1S72_AU_1_0_1435_U_,1S72_AU_1_0_1389_G_,12,5.4,2.4,5.693276,7.216950,6.801812,6.511852,7.329265,5.779715,4.057283,3.917545,3.854063,3.950754,4.900762,5.917958,6.381438,2.837461,1.465669,0.656597,0.000000
