cWS	Family	LSW 2002 Isosteric Groups	Updated Isosteric Groups	Count	UG	UA	UC	UU	CU	CC	CG	CA	GG	AA	AC	AU	AG	GA	GC	GU
UG	cWS	I5.4	I5.4	7	0.00	1.60	3.01	3.22	4.04	3.91	3.98	3.88	6.23	6.92	6.63	6.18	7.32	6.75	6.17	7.75
UA	cWS	I5.4	I5.4	13(C)	1.60	0.00	1.60	1.81	3.17	2.91	3.01	2.79	4.98	5.66	5.45	4.96	6.23	5.44	4.79	6.42
UC	cWS	(I5.4) 	I5.4	1(CM)	3.01	1.60	0.00	0.26	3.49	3.27	3.35	3.01	4.49	5.07	5.09	4.59	6.00	4.45	3.51	5.01
UU	cWS	(I5.4) 	I5.4	2(CM)	3.22	1.81	0.26	0.00	3.49	3.28	3.35	3.00	4.41	4.93	4.98	4.49	5.90	4.32	3.32	4.79
CU	cWS	I5.2	I5.2	2	4.04	3.17	3.49	3.49	0.00	0.87	0.81	1.00	3.30	3.40	2.94	2.63	3.49	4.76	4.40	5.97
CC	cWS	I5.2	I5.2	5	3.91	2.91	3.27	3.28	0.87	0.00	0.47	0.50	2.98	3.38	2.89	2.49	3.49	4.43	4.24	5.91
CG	cWS	I5.2	I5.2	9	3.98	3.01	3.35	3.35	0.81	0.47	0.00	0.41	3.22	3.34	2.87	2.57	3.46	4.65	4.36	5.98
CA	cWS	I5.2	I5.2	13	3.88	2.79	3.01	3.00	1.00	0.50	0.41	0.00	3.04	3.26	2.86	2.49	3.53	4.34	4.02	5.66
GG	cWS	I5.5	I5.5	6(C)	6.23	4.98	4.49	4.41	3.30	2.98	3.22	3.04	0.00	2.09	1.95	1.38	2.66	2.11	2.85	4.26
AA	cWS	I5.1	I5.1	52	6.92	5.66	5.07	4.93	3.40	3.38	3.34	3.26	2.09	0.00	0.84	1.16	1.58	3.27	3.29	4.22
AC	cWS	I5.1	I5.1	43	6.63	5.45	5.09	4.98	2.94	2.89	2.87	2.86	1.95	0.84	0.00	0.70	1.00	3.59	3.78	4.91
AU	cWS	I5.1	I5.1	17	6.18	4.96	4.59	4.49	2.63	2.49	2.57	2.49	1.38	1.16	0.70	0.00	1.57	3.15	3.37	4.68
AG	cWS	I5.1	I5.1	3(C)	7.32	6.23	6.00	5.90	3.49	3.49	3.46	3.53	2.66	1.58	1.00	1.57	0.00	4.39	4.71	5.74
GA	cWS	(I5.3) 	I5.3	2	6.75	5.44	4.45	4.32	4.76	4.43	4.65	4.34	2.11	3.27	3.59	3.15	4.39	0.00	1.68	2.76
GC	cWS	I5.3	I5.3	3	6.17	4.79	3.51	3.32	4.40	4.24	4.36	4.02	2.85	3.29	3.78	3.37	4.71	1.68	0.00	1.82
GU	cWS	I5.3	I5.3	5	7.75	6.42	5.01	4.79	5.97	5.91	5.98	5.66	4.26	4.22	4.91	4.68	5.74	2.76	1.82	0.00
