Family,Base combination,PDBID,NT1ID,NT2ID,Count,LW 2002 subgroup,Resolution,C1*-C1* distance,CC,UU,CA,UG,UA,AU,GC,CG,GU,AC,UU,CC,UC,CU,AA,GA,AG,AA
cWw,CC,4FTS,4FTS_BA1_50_R_6_C_,4FTS_BA1_4_R_13_C_,66,1.6,3.2,7.641741,0.000000,2.600499,4.462235,5.007088,4.740264,4.772411,5.124055,5.084698,5.580828,5.169944,3.416647,1.411963,7.450964,7.339927,9.135180,8.569272,8.586758,8.842314
cwW,UU,4FTB,4FTB_BA1_1_R_9_U_,4FTB_BA1_6_R_10_U_,759,1.6,2.7,9.000303,2.600499,0.000000,1.986171,2.504786,3.091488,3.238025,3.524044,3.354429,4.921310,4.850245,3.804350,3.416647,5.739081,5.243314,7.659770,6.568306,6.636597,6.466213
cWW,CA,1KFO,1KFO_BA1_1_A_7_C_,1KFO_BA1_2_A_12_A_,71,1.2,1.6,10.227155,4.462235,1.986171,0.000000,0.836091,2.560331,2.793863,2.931567,2.647904,4.998518,5.156597,4.850245,5.169944,5.025225,4.240559,6.714260,5.184209,5.300370,4.741258
cWW,UG,3ND3,3ND3_BA1_1_A_15_U_,3ND3_BA1_2_A_2_G_,1252,1.2,1.37,10.476845,5.007088,2.504786,0.836091,0.000000,2.279045,2.518919,2.566473,2.266830,4.719907,4.998518,4.921310,5.580828,4.313322,3.438553,6.096755,4.473698,4.597187,4.023850
cWW,UA,2Q1O,2Q1O_AU_1_B_108_U_,2Q1O_AU_1_A_105_A_,4540,1.1,1.1,10.484824,4.740264,3.091488,2.560331,2.279045,0.000000,0.244316,0.453073,0.361431,2.518919,2.793863,3.238025,4.772411,3.392537,3.339822,4.683868,3.889366,3.896813,4.565603
cWW,AU,2Q1O,2Q1O_AU_1_A_105_A_,2Q1O_AU_1_B_108_U_,4540,1.1,1.1,10.484824,4.772411,3.238025,2.793863,2.518919,0.244316,0.000000,0.361431,0.453073,2.279045,2.560331,3.091488,4.740264,3.339822,3.392537,4.565603,3.896813,3.889366,4.683868
cWW,GC,3R1E,3R1E_AU_1_B_7_G_,3R1E_AU_1_A_2_C_,11135,1.1,0.97,10.742679,5.124055,3.524044,2.931567,2.566473,0.453073,0.361431,0.000000,0.307078,2.266830,2.647904,3.354429,5.084698,3.052651,3.123369,4.239469,3.541917,3.531637,4.396355
cWW,CG,3R1E,3R1E_AU_1_A_2_C_,3R1E_AU_1_B_7_G_,11135,1.1,0.97,10.742679,5.084698,3.354429,2.647904,2.266830,0.361431,0.453073,0.307078,0.000000,2.566473,2.931567,3.524044,5.124055,3.123369,3.052651,4.396355,3.531637,3.541917,4.239469
cWW,GU,3ND3,3ND3_BA1_2_A_2_G_,3ND3_BA1_1_A_15_U_,1252,i1.2,1.37,10.476845,5.580828,4.921310,4.998518,4.719907,2.518919,2.279045,2.266830,2.566473,0.000000,0.836091,2.504786,5.007088,3.438553,4.313322,4.023850,4.597187,4.473698,6.096755
cWW,AC,1KFO,1KFO_BA1_2_A_12_A_,1KFO_BA1_1_A_7_C_,71,i1.2,1.6,10.227155,5.169944,4.850245,5.156597,4.998518,2.793863,2.560331,2.647904,2.931567,0.836091,0.000000,1.986171,4.462235,4.240559,5.025225,4.741258,5.300370,5.184209,6.714260
cWw,UU,4FTB,4FTB_BA1_6_R_10_U_,4FTB_BA1_1_R_9_U_,759,1.6,2.7,9.000303,3.416647,3.804350,4.850245,4.921310,3.238025,3.091488,3.354429,3.524044,2.504786,1.986171,0.000000,2.600499,5.243314,5.739081,6.466213,6.636597,6.568306,7.659770
cwW,CC,4FTS,4FTS_BA1_4_R_13_C_,4FTS_BA1_50_R_6_C_,66,1.6,3.2,7.641741,1.411963,3.416647,5.169944,5.580828,4.772411,4.740264,5.084698,5.124055,5.007088,4.462235,2.600499,0.000000,7.339927,7.450964,8.842314,8.586758,8.569272,9.135180
cWW,UC,1S72,1S72_AU_1_0_900_U_,1S72_AU_1_0_764_C_,25,1.5,2.4,11.456970,7.450964,5.739081,5.025225,4.313322,3.392537,3.339822,3.052651,3.123369,3.438553,4.240559,5.243314,7.339927,0.000000,1.481166,2.935458,2.615621,2.548932,3.910086
cWW,CU,1S72,1S72_AU_1_0_764_C_,1S72_AU_1_0_900_U_,25,1.5,2.4,11.456970,7.339927,5.243314,4.240559,3.438553,3.339822,3.392537,3.123369,3.052651,4.313322,5.025225,5.739081,7.450964,1.481166,0.000000,3.910086,2.548932,2.615621,2.935458
cWw,AA,3BNQ,3BNQ_AU_1_D_16_A_,3BNQ_AU_1_C_8_A_,17,1.4,2,13.036383,9.135180,7.659770,6.714260,6.096755,4.683868,4.565603,4.239469,4.396355,4.023850,4.741258,6.466213,8.842314,2.935458,3.910086,0.000000,2.390348,2.156682,4.515166
cWW,GA,2Q1R,2Q1R_BA1_1_A_1004_G_,2Q1R_BA1_2_A_1009_A_,200,1.3,1.12,12.738647,8.569272,6.568306,5.184209,4.473698,3.889366,3.896813,3.541917,3.531637,4.597187,5.300370,6.636597,8.586758,2.615621,2.548932,2.390348,0.000000,0.237521,2.156682
cWW,AG,2Q1R,2Q1R_BA1_2_A_1009_A_,2Q1R_BA1_1_A_1004_G_,200,1.3,1.12,12.738647,8.586758,6.636597,5.300370,4.597187,3.896813,3.889366,3.531637,3.541917,4.473698,5.184209,6.568306,8.569272,2.548932,2.615621,2.156682,0.237521,0.000000,2.390348
cwW,AA,3BNQ,3BNQ_AU_1_C_8_A_,3BNQ_AU_1_D_16_A_,17,1.4,2,13.036383,8.842314,6.466213,4.741258,4.023850,4.565603,4.683868,4.396355,4.239469,6.096755,6.714260,7.659770,9.135180,3.910086,2.935458,4.515166,2.156682,2.390348,0.000000
