cWW	Family	LSW 2002 Isosteric Groups	Updated Isosteric Groups	Count	CC	UU	CA	UG	UA	AU	GC	CG	GU	AC	Uu	cC	UC	CU	AA	GA	AG	aA
CC	cWw	I1.6	I1.6	8	0.00	2.37	4.49	5.06	5.30	5.39	5.56	5.49	6.25	5.91	4.31	3.02	8.25	7.97	9.77	8.86	8.82	9.05
UU	cwW	I1.6	I1.7	96	2.37	0.00	2.39	2.89	3.63	3.80	3.94	3.80	5.27	5.21	4.36	4.31	6.46	5.97	8.18	6.96	6.91	6.91
CA	cWW	I1.2	I1.2b	16	4.49	2.39	0.00	0.80	2.47	2.75	2.78	2.55	4.76	4.93	5.21	5.91	5.30	4.58	6.70	5.14	5.05	4.80
UG	cWW	I1.2	I1.2b	772	5.06	2.89	0.80	0.00	2.11	2.40	2.39	2.14	4.48	4.76	5.27	6.25	4.59	3.80	6.07	4.44	4.33	4.10
UA	cWW	I1.1	I1.1	2410	5.30	3.63	2.47	2.11	0.00	0.31	0.34	0.21	2.40	2.75	3.80	5.39	3.57	3.50	4.66	3.67	3.67	4.52
AU	cWW	I1.1	I1.1	2410	5.39	3.80	2.75	2.40	0.31	0.00	0.21	0.34	2.11	2.47	3.63	5.30	3.50	3.57	4.52	3.67	3.67	4.66
GC	cWW	I1.1	I1.1	7222	5.56	3.94	2.78	2.39	0.34	0.21	0.00	0.26	2.14	2.55	3.80	5.49	3.39	3.44	4.38	3.49	3.50	4.50
CG	cWW	I1.1	I1.1	7222	5.49	3.80	2.55	2.14	0.21	0.34	0.26	0.00	2.39	2.78	3.94	5.56	3.44	3.39	4.50	3.50	3.49	4.38
GU	cWW	i1.2	I1.2a	772	6.25	5.27	4.76	4.48	2.40	2.11	2.14	2.39	0.00	0.80	2.89	5.06	3.80	4.59	4.10	4.33	4.44	6.07
AC	cWW	i1.2	I1.2a	16	5.91	5.21	4.93	4.76	2.75	2.47	2.55	2.78	0.80	0.00	2.39	4.49	4.58	5.30	4.80	5.05	5.14	6.70
UU	cWw	I1.6	I1.7	96	4.31	4.36	5.21	5.27	3.80	3.63	3.80	3.94	2.89	2.39	0.00	2.37	5.97	6.46	6.91	6.91	6.96	8.18
CC	cwW	I1.6	I1.6	8	3.02	4.31	5.91	6.25	5.39	5.30	5.49	5.56	5.06	4.49	2.37	0.00	7.97	8.25	9.05	8.82	8.86	9.77
UC	cWW	I1.5	I1.5	12	8.25	6.46	5.30	4.59	3.57	3.50	3.39	3.44	3.80	4.58	5.97	7.97	0.00	1.53	2.71	2.25	2.33	3.77
CU	cWW	I1.5	I1.5	12	7.97	5.97	4.58	3.80	3.50	3.57	3.44	3.39	4.59	5.30	6.46	8.25	1.53	0.00	3.77	2.33	2.25	2.71
AA	cWw	I1.4	I1.4	3	9.77	8.18	6.70	6.07	4.66	4.52	4.38	4.50	4.10	4.80	6.91	9.05	2.71	3.77	0.00	2.18	2.41	4.52
GA	cWW	I1.3	I1.3	121	8.86	6.96	5.14	4.44	3.67	3.67	3.49	3.50	4.33	5.05	6.91	8.82	2.25	2.33	2.18	0.00	0.33	2.41
AG	cWW	I1.3	I1.3	121	8.82	6.91	5.05	4.33	3.67	3.67	3.50	3.49	4.44	5.14	6.96	8.86	2.33	2.25	2.41	0.33	0.00	2.18
AA	cwW	I1.4	I1.4	3	9.05	6.91	4.80	4.10	4.52	4.66	4.50	4.38	6.07	6.70	8.18	9.77	3.77	2.71	4.52	2.41	2.18	0.00
