tHH	Family	LSW 2002 Isosteric Groups	Updated Isosteric Groups	Count	GG	AG	AU	CU	AC	GC	AA	AA	CG	CA	UC	UA	GA	GG
GG	thH	I8.3	I8.4	2	0.00	6.57	7.02	6.38	5.09	5.49	6.43	6.78	7.29	7.52	8.67	9.78	9.68	11.37
AG	tHH	I8.2	I8.3	3(C)	6.57	0.00	1.44	2.41	4.16	3.48	3.43	3.73	4.71	5.50	4.59	4.86	5.02	9.68
AU	tHH	I8.2	I8.3	4	7.02	1.44	0.00	1.63	4.04	3.49	3.42	3.67	4.60	5.29	4.02	4.34	4.86	9.78
CU	tHH	I8.2	I8.3	4	6.38	2.41	1.63	0.00	2.60	2.17	2.26	2.53	3.35	3.91	3.13	4.02	4.59	8.67
AC	tHH	I8.1	I8.1	4	5.09	4.16	4.04	2.60	0.00	1.02	1.90	2.17	2.59	2.73	3.91	5.29	5.50	7.52
GC	tHH	I8.1	I8.1	2	5.49	3.48	3.49	2.17	1.02	0.00	1.06	1.41	2.08	2.59	3.35	4.60	4.71	7.29
AA	thH	I8.1	I8.1	97	6.43	3.43	3.42	2.26	1.90	1.06	0.00	0.44	1.41	2.17	2.53	3.67	3.73	6.78
AA	tHh	I8.1	I8.1	97	6.78	3.73	3.67	2.53	2.17	1.41	0.44	0.00	1.06	1.90	2.26	3.42	3.43	6.43
CG	tHH	I8.1	I8.1	2	7.29	4.71	4.60	3.35	2.59	2.08	1.41	1.06	0.00	1.02	2.17	3.49	3.48	5.49
CA	tHH	I8.1	I8.1	4	7.52	5.50	5.29	3.91	2.73	2.59	2.17	1.90	1.02	0.00	2.60	4.04	4.16	5.09
UC	tHH	I8.2	I8.2	4	8.67	4.59	4.02	3.13	3.91	3.35	2.53	2.26	2.17	2.60	0.00	1.63	2.41	6.38
UA	tHH	I8.2	I8.2	4	9.78	4.86	4.34	4.02	5.29	4.60	3.67	3.42	3.49	4.04	1.63	0.00	1.44	7.02
GA	tHH	I8.2	I8.2	3(C)	9.68	5.02	4.86	4.59	5.50	4.71	3.73	3.43	3.48	4.16	2.41	1.44	0.00	6.57
GG	tHh	I8.3	I8.4	2	11.37	9.68	9.78	8.67	7.52	7.29	6.78	6.43	5.49	5.09	6.38	7.02	6.57	0.00
