Family,Base combination,PDBID,NT1ID,NT2ID,Count,LW 2002 subgroup,Resolution,C1*-C1* distance,GG,CA,AC,CG,GA,UA,UC,AA,AA,CU,AU,AG,GC,GG
tHh,GG,1S72,1S72_AU_1_0_2616_G_,1S72_AU_1_0_2611_G_,8,8.3,2.4,10.072836,0.000000,6.887405,6.135738,5.666292,7.372905,7.713858,7.353618,7.259539,7.502794,8.671114,10.332925,10.245436,8.626679,12.254426
tHH,CA,1S72,1S72_AU_1_0_483_C_,1S72_AU_1_0_507_A_,5,8.1,2.4,10.216159,6.887405,0.000000,0.914937,2.690139,4.948544,5.109255,3.426320,2.136697,2.089297,3.253009,4.867450,4.711092,2.169705,6.135738
tHH,AC,1S72,1S72_AU_1_0_507_A_,1S72_AU_1_0_483_C_,5,8.1,2.4,10.216159,6.135738,0.914937,0.000000,2.169705,4.711092,4.867450,3.253009,2.089297,2.136697,3.426320,5.109255,4.948544,2.690139,6.887405
tHH,CG,3V2F,3V2F_AU_1_A_1607_C_,3V2F_AU_1_A_1622_G_,4,8.1,2.7,11.276929,5.666292,2.690139,2.169705,0.000000,3.359432,3.177791,1.916898,2.104453,2.342785,3.155442,4.940528,5.187619,3.504285,8.626679
tHH,GA,CURATED_1S72_THH_AG_EXEMPLAR,1S72_AU_1_0_1071_G_,1S72_AU_1_0_913_A_,5,8.2,2.4,12.176936,7.372905,4.948544,4.711092,3.359432,0.000000,1.433019,2.444215,3.127761,3.344277,3.791509,4.674962,4.753694,5.187619,10.245436
tHH,UA,3V2F,3V2F_AU_1_A_2092_U_,3V2F_AU_1_A_2227_A_,8,8.2,2.7,12.855759,7.713858,5.109255,4.867450,3.177791,1.433019,0.000000,1.872108,3.248010,3.437321,3.328454,4.201430,4.674962,4.940528,10.332925
tHH,UC,1FJG,1FJG_AU_1_A_1085_U_,1FJG_AU_1_A_1071_C_,6,8.2,3,12.113883,7.353618,3.426320,3.253009,1.916898,2.444215,1.872108,0.000000,1.714967,1.868451,1.810991,3.328454,3.791509,3.155442,8.671114
tHh,AA,1Q96,1Q96_AU_1_A_9_A_,1Q96_AU_1_A_21_A_,160,8.1,1.75,11.041218,7.259539,2.136697,2.089297,2.104453,3.127761,3.248010,1.714967,0.000000,0.304152,1.868451,3.437321,3.344277,2.342785,7.502794
thH,AA,1Q96,1Q96_AU_1_A_21_A_,1Q96_AU_1_A_9_A_,160,8.1,1.75,11.041218,7.502794,2.089297,2.136697,2.342785,3.344277,3.437321,1.868451,0.304152,0.000000,1.714967,3.248010,3.127761,2.104453,7.259539
tHH,CU,1FJG,1FJG_AU_1_A_1071_C_,1FJG_AU_1_A_1085_U_,6,8.2,3,12.113883,8.671114,3.253009,3.426320,3.155442,3.791509,3.328454,1.810991,1.868451,1.714967,0.000000,1.872108,2.444215,1.916898,7.353618
tHH,AU,3V2F,3V2F_AU_1_A_2227_A_,3V2F_AU_1_A_2092_U_,8,8.2,2.7,12.855759,10.332925,4.867450,5.109255,4.940528,4.674962,4.201430,3.328454,3.437321,3.248010,1.872108,0.000000,1.433019,3.177791,7.713858
tHH,AG,CURATED_1S72_THH_AG_EXEMPLAR,1S72_AU_1_0_913_A_,1S72_AU_1_0_1071_G_,5,8.2,2.4,12.176936,10.245436,4.711092,4.948544,5.187619,4.753694,4.674962,3.791509,3.344277,3.127761,2.444215,1.433019,0.000000,3.359432,7.372905
tHH,GC,3V2F,3V2F_AU_1_A_1622_G_,3V2F_AU_1_A_1607_C_,4,8.1,2.7,11.276929,8.626679,2.169705,2.690139,3.504285,5.187619,4.940528,3.155442,2.342785,2.104453,1.916898,3.177791,3.359432,0.000000,5.666292
thH,GG,1S72,1S72_AU_1_0_2611_G_,1S72_AU_1_0_2616_G_,8,8.3,2.4,10.072836,12.254426,6.135738,6.887405,8.626679,10.245436,10.332925,8.671114,7.502794,7.259539,7.353618,7.713858,7.372905,5.666292,0.000000
