tHS	Family	LSW 2002 Isosteric Groups	Updated Isosteric Groups	Count	CC	CA	AG	AU	CU	AC	AA	GG	UG	UA
CC	tHS	I10.1	I10.1	11	0.00	1.07	1.12	1.11	1.21	1.60	2.23	4.39	3.75	4.54
CA	tHS	I10.1	I10.1	7	1.07	0.00	0.45	0.65	1.38	1.54	1.99	3.76	2.91	3.62
AG	tHS	I10.1	I10.1	501	1.12	0.45	0.00	0.62	1.07	1.11	1.56	3.50	2.85	3.46
AU	tHS	I10.1	I10.1	6	1.11	0.65	0.62	0.00	1.50	1.40	1.88	4.01	3.35	3.75
CU	tHS	I10.1	I10.1	3	1.21	1.38	1.07	1.50	0.00	0.77	1.26	3.36	3.12	3.88
AC	tHS	I10.1	I10.1	20	1.60	1.54	1.11	1.40	0.77	0.00	0.66	3.23	3.20	3.56
AA	tHS	I10.1	I10.1	47	2.23	1.99	1.56	1.88	1.26	0.66	0.00	2.73	2.99	3.16
GG	tHS	I10.2	I10.2	33	4.39	3.76	3.50	4.01	3.36	3.23	2.73	0.00	1.81	2.14
UG	tHS	I10.2	I10.2	17	3.75	2.91	2.85	3.35	3.12	3.20	2.99	1.81	0.00	2.02
UA	tHS	I10.2	I10.2	23	4.54	3.62	3.46	3.75	3.88	3.56	3.16	2.14	2.02	0.00
