Family,Base combination,PDBID,NT1ID,NT2ID,Count,LW 2002 subgroup,Resolution,C1*-C1* distance,CA,AG,AC,AU,AA,CC,CU,CG,GC,GU,UA,UC,UU,UG
tWS,CA,1S72,1S72_AU_1_0_1983_C_,1S72_AU_1_0_1981_A_,2,6.1,2.4,8.724234,0.000000,1.060700,1.442525,3.745213,3.954544,4.187011,4.954892,2.664181,4.609528,3.648979,3.749525,4.906373,6.727406,6.632442
tWS,AG,1L2X,1L2X_AU_1_A_24_A_,1L2X_AU_1_A_7_G_,151,6.1,1.25,9.264229,1.060700,0.000000,0.486734,3.019128,3.334879,3.850489,4.577519,2.451893,4.262809,3.371220,3.922502,4.930350,6.750832,6.505577
tWS,AC,3U5H,3U5H_AU_1_5_882_A_,3U5H_AU_1_5_877_C_,3,[6.1],3,9.449423,1.442525,0.486734,0.000000,2.910389,3.218073,3.777482,4.461909,2.353303,3.973781,3.066631,3.818839,4.799722,6.556815,6.238814
tWS,AU,CURATED_MODEL_TWS_AU_EXEMPLAR,,,2,[6.1],NaN,10.918675,3.745213,3.019128,2.910389,0.000000,0.867131,1.983529,2.414810,2.480695,3.711659,3.730782,4.434568,4.460757,6.376835,6.289303
tWS,AA,1MDG,1MDG_BA1_1_A_3_A_,1MDG_BA1_3_A_3_A_,12,6.1,1.5,10.382341,3.954544,3.334879,3.218073,0.867131,0.000000,1.420700,1.816717,2.144355,3.161381,3.391893,3.989418,3.907036,5.748050,5.693233
tWS,CC,1ET4,1ET4_AU_1_B_324_C_,1ET4_AU_1_A_219_C_,11,6.1,2.3,10.117461,4.187011,3.850489,3.777482,1.983529,1.420700,0.000000,0.812716,1.938563,2.892994,3.271973,3.276359,2.813482,4.843800,5.219016
tWS,CU,MODEL_TWS_CU_EXEMPLAR,,,0,[6.1],NaN,10.469591,4.954892,4.577519,4.461909,2.414810,1.816717,0.812716,0.000000,2.592852,2.949450,3.586874,3.664084,2.868613,4.695020,5.113876
tWS,CG,1MJI,1MJI_AU_1_D_47_C_,1MJI_AU_1_D_44_G_,24,6.1,2.5,8.984447,2.664181,2.451893,2.353303,2.480695,2.144355,1.938563,2.592852,0.000000,2.286032,1.911569,2.050252,2.653014,4.589024,4.645121
tWS,GC,1EC6,1EC6_AU_1_C_10_G_,1EC6_AU_1_C_7_C_,7,6.2,2.4,9.344945,4.609528,4.262809,3.973781,3.711659,3.161381,2.892994,2.949450,2.286032,0.000000,1.275270,2.263408,2.240207,3.093511,2.655823
tWS,GU,3RG5,3RG5_AU_1_A_18_G_,3RG5_AU_1_A_55_U_,73,6.2,2,8.917343,3.648979,3.371220,3.066631,3.730782,3.391893,3.271973,3.586874,1.911569,1.275270,0.000000,1.895077,2.639354,3.720007,3.243011
tWS,UA,1S72,1S72_AU_1_0_779_U_,1S72_AU_1_0_776_A_,16,6.3,2.4,7.879595,3.749525,3.922502,3.818839,4.434568,3.989418,3.276359,3.664084,2.050252,2.263408,1.895077,0.000000,1.618673,3.083144,3.502997
tWS,UC,2AW7,2AW7_AU_1_A_1205_U_,2AW7_AU_1_A_1200_C_,3,6.3,3.46,8.644555,4.906373,4.930350,4.799722,4.460757,3.907036,2.813482,2.868613,2.653014,2.240207,2.639354,1.618673,0.000000,2.324369,3.322063
tWS,UU,CURATED_1GRZ_TWS_UU_EXEMPLAR,1GRZ_BA1_1_A_106_U_,1GRZ_BA1_1_A_258_U_,1,[6.3],5,8.203763,6.727406,6.750832,6.556815,6.376835,5.748050,4.843800,4.695020,4.589024,3.093511,3.720007,3.083144,2.324369,0.000000,1.906948
tWS,UG,1S72,1S72_AU_1_0_121_U_,1S72_AU_1_0_51_G_,8,6.4,2.4,8.604215,6.632442,6.505577,6.238814,6.289303,5.693233,5.219016,5.113876,4.645121,2.655823,3.243011,3.502997,3.322063,1.906948,0.000000
