tWS	Family	LSW 2002 Isosteric Groups	Updated Isosteric Groups	Count	UG	UU	UC	UA	CG	GC	GU	CU	CC	AA	AU	AG	AC	CA
UG	tWS	I6.4	I6.4	2	0.00	1.86	2.41	3.50	4.62	3.81	3.31	5.20	5.13	5.69	6.31	6.55	6.77	6.73
UU	tWS	(I6.3) 	I6.4	1	1.86	0.00	1.56	3.24	4.66	4.46	3.79	4.73	4.75	5.69	6.32	6.83	7.15	6.95
UC	tWS	I6.3	I6.4	1	2.41	1.56	0.00	2.06	3.18	3.38	2.57	3.36	3.32	4.20	4.85	5.42	5.82	5.65
UA	tWS	I6.3	I6.3	11	3.50	3.24	2.06	0.00	1.95	2.33	2.62	3.83	3.59	3.87	4.39	4.02	4.26	3.82
CG	tWS	I6.1	I6.3	11	4.62	4.66	3.18	1.95	0.00	1.96	2.07	2.94	2.57	2.20	2.63	2.32	2.84	2.76
GC	tWS	I6.2	I6.3	4	3.81	4.46	3.38	2.33	1.96	0.00	1.79	4.15	3.80	3.47	3.76	3.00	3.05	3.33
GU	tWS	I6.2	I6.3	53	3.31	3.79	2.57	2.62	2.07	1.79	0.00	2.83	2.56	2.61	3.15	3.67	4.12	4.48
CU	tWS	(I6.1) 	(I6.1)	0(M)	5.20	4.73	3.36	3.83	2.94	4.15	2.83	0.00	0.42	1.84	2.36	4.33	5.12	5.36
CC	tWS	I6.1	I6.1	9	5.13	4.75	3.32	3.59	2.57	3.80	2.56	0.42	0.00	1.49	2.03	3.92	4.71	4.96
AA	tWS	I6.1	I6.1	13	5.69	5.69	4.20	3.87	2.20	3.47	2.61	1.84	1.49	0.00	0.88	2.78	3.66	4.11
AU	tWS	(I6.1) 	I6.1	2(CM)	6.31	6.32	4.85	4.39	2.63	3.76	3.15	2.36	2.03	0.88	0.00	2.53	3.40	4.03
AG	tWS	I6.1	I6.2	51	6.55	6.83	5.42	4.02	2.32	3.00	3.67	4.33	3.92	2.78	2.53	0.00	0.95	1.75
AC	tWS	(I6.1) 	I6.2	1	6.77	7.15	5.82	4.26	2.84	3.05	4.12	5.12	4.71	3.66	3.40	0.95	0.00	1.40
CA	tWS	I6.1	I6.2	1	6.73	6.95	5.65	3.82	2.76	3.33	4.48	5.36	4.96	4.11	4.03	1.75	1.40	0.00
