tWW	Family	LSW 2002 Isosteric Groups	Updated Isosteric Groups	Count	AA	GG	AC	GU	AU	CU	UC	CC	UU	CA	UG	UA	CG	GC
AA	tWW	I2.4	I2.7	61	0.00	1.09	3.48	4.15	4.76	6.33	6.21	4.69	4.11	2.67	3.34	4.30	7.01	7.44
GG	tWW	I2.4	I2.7	6	1.09	0.00	2.47	3.14	3.71	5.40	5.42	4.00	3.41	2.58	3.24	3.77	6.54	6.49
AC	tWW	I2.3	I2.4	3	3.48	2.47	0.00	0.69	2.53	4.36	4.83	3.54	2.84	3.93	4.40	4.39	7.04	5.55
GU	tWW	I2.3	I2.4	2(C)	4.15	3.14	0.69	0.00	2.46	4.15	4.75	3.59	2.93	4.40	4.82	4.66	7.21	5.40
AU	tWW	I2.1	I2.2	47	4.76	3.71	2.53	2.46	0.00	2.51	3.16	3.29	3.29	4.39	4.66	3.33	5.23	3.22
CU	tWW	I2.5	I2.8	3	6.33	5.40	4.36	4.15	2.51	0.00	1.13	2.65	3.30	4.83	4.75	3.16	4.53	3.84
UC	tWW	I2.5	I2.8	3	6.21	5.42	4.83	4.75	3.16	1.13	0.00	2.37	3.23	4.36	4.15	2.51	3.84	4.53
CC	tWW	I2.6	I2.9	5(C)	4.69	4.00	3.54	3.59	3.29	2.65	2.37	0.00	0.98	2.74	2.58	2.57	5.37	5.92
UU	tWW	I2.6	I2.9	1	4.11	3.41	2.84	2.93	3.29	3.30	3.23	0.98	0.00	2.54	2.58	3.08	6.07	6.23
CA	tWW	I2.3	I2.3	3	2.67	2.58	3.93	4.40	4.39	4.83	4.36	2.74	2.54	0.00	0.69	2.53	5.55	7.04
UG	tWW	I2.3	I2.3	2(C)	3.34	3.24	4.40	4.82	4.66	4.75	4.15	2.58	2.58	0.69	0.00	2.46	5.40	7.21
UA	tWW	I2.1	I2.1	47	4.30	3.77	4.39	4.66	3.33	3.16	2.51	2.57	3.08	2.53	2.46	0.00	3.22	5.23
CG	tWW	I2.2	I2.6	44	7.01	6.54	7.04	7.21	5.23	4.53	3.84	5.37	6.07	5.55	5.40	3.22	0.00	5.28
GC	tWW	I2.2	I2.5	44	7.44	6.49	5.55	5.40	3.22	3.84	4.53	5.92	6.23	7.04	7.21	5.23	5.28	0.00
